rank,target_building,address,unit,assessed_value,sqft,roll_number
1,5500 Somervale Court SW,209 5500 SOMERVALE CO SW,209,295000,,200283844
2,1000 Somervale Court SW,209 1000 SOMERVALE CO SW,209,263000,,757514849
3,2000 Somervale Court SW,209 2000 SOMERVALE CO SW,209,263000,,757503925
4,6000 Somervale Court SW,209 6000 SOMERVALE CO SW,209,265500,,757510300
5,4000 Somervale Court SW,209 4000 SOMERVALE CO SW,209,265500,,757505540
6,5000 Somervale Court SW,209 5000 SOMERVALE CO SW,209,176500,,200387371
7,5000 Somervale Court SW,209V 5000 SOMERVALE CO SW,209V,10000,,200386126
8,3000 Somervale Court SW,309 3000 SOMERVALE CO SW,309,267500,,757507306
9,3000 Somervale Court SW,109 3000 SOMERVALE CO SW,109,258500,,757506548
10,5500 Somervale Court SW,109 5500 SOMERVALE CO SW,109,290000,,200284784
11,5500 Somervale Court SW,309 5500 SOMERVALE CO SW,309,300000,,200284966
12,1000 Somervale Court SW,309 1000 SOMERVALE CO SW,309,267500,,757515226
13,1000 Somervale Court SW,109 1000 SOMERVALE CO SW,109,258500,,757514468
14,2000 Somervale Court SW,309 2000 SOMERVALE CO SW,309,267500,,757504303
15,2000 Somervale Court SW,109 2000 SOMERVALE CO SW,109,258500,,757503545
16,6000 Somervale Court SW,109 6000 SOMERVALE CO SW,109,261000,,757509948
17,6000 Somervale Court SW,309 6000 SOMERVALE CO SW,309,270000,,757510680
18,4000 Somervale Court SW,109 4000 SOMERVALE CO SW,109,261000,,757505185
19,4000 Somervale Court SW,309 4000 SOMERVALE CO SW,309,270000,,757505920
20,5000 Somervale Court SW,309 5000 SOMERVALE CO SW,309,178500,,200385516
21,3000 Somervale Court SW,109V 3000 SOMERVALE CO SW,109V,10000,,757508502
22,6000 Somervale Court SW,109V 6000 SOMERVALE CO SW,109V,10000,,757511761
23,3000 Somervale Court SW,409 3000 SOMERVALE CO SW,409,272000,,757507686
24,5500 Somervale Court SW,409 5500 SOMERVALE CO SW,409,307500,,200283372
25,1000 Somervale Court SW,409 1000 SOMERVALE CO SW,409,272000,,757515606
26,2000 Somervale Court SW,409 2000 SOMERVALE CO SW,409,272000,,757504683
27,6000 Somervale Court SW,409 6000 SOMERVALE CO SW,409,288500,,757511068
28,4000 Somervale Court SW,409 4000 SOMERVALE CO SW,409,274000,,757506308
29,5000 Somervale Court SW,409 5000 SOMERVALE CO SW,409,181000,,200386506
30,5500 Somervale Court SW,208 5500 SOMERVALE CO SW,208,265500,,200283802
31,3000 Somervale Court SW,210 3000 SOMERVALE CO SW,210,240000,,757506902
32,5500 Somervale Court SW,210 5500 SOMERVALE CO SW,210,312000,,200283638
33,3000 Somervale Court SW,208 3000 SOMERVALE CO SW,208,338500,,757506704
34,1000 Somervale Court SW,210 1000 SOMERVALE CO SW,210,240000,,757514823
35,2000 Somervale Court SW,210 2000 SOMERVALE CO SW,210,240000,,757503909
36,1000 Somervale Court SW,208 1000 SOMERVALE CO SW,208,340500,,757514625
37,2000 Somervale Court SW,208 2000 SOMERVALE CO SW,208,334500,,757503701
38,6000 Somervale Court SW,210 6000 SOMERVALE CO SW,210,243000,,757510326
39,6000 Somervale Court SW,208 6000 SOMERVALE CO SW,208,311000,,757510284
40,4000 Somervale Court SW,210 4000 SOMERVALE CO SW,210,231000,,757505565
41,4000 Somervale Court SW,208 4000 SOMERVALE CO SW,208,311000,,757505524
42,5000 Somervale Court SW,210 5000 SOMERVALE CO SW,210,261000,,200387264
43,5000 Somervale Court SW,208 5000 SOMERVALE CO SW,208,270000,,200386746
44,5000 Somervale Court SW,208V 5000 SOMERVALE CO SW,208V,10000,,200386134
45,3000 Somervale Court SW,207 3000 SOMERVALE CO SW,207,263000,,757506944
46,3000 Somervale Court SW,211 3000 SOMERVALE CO SW,211,263000,,757506886
47,5500 Somervale Court SW,207 5500 SOMERVALE CO SW,207,283500,,200284792
48,1000 Somervale Court SW,207 1000 SOMERVALE CO SW,207,265500,,757514864
49,1000 Somervale Court SW,211 1000 SOMERVALE CO SW,211,265500,,757514807
50,2000 Somervale Court SW,207 2000 SOMERVALE CO SW,207,265500,,757503941
51,2000 Somervale Court SW,211 2000 SOMERVALE CO SW,211,265500,,757503883
52,6000 Somervale Court SW,211 6000 SOMERVALE CO SW,211,280000,,757509963
53,6000 Somervale Court SW,207 6000 SOMERVALE CO SW,207,295000,,757510268
54,4000 Somervale Court SW,211 4000 SOMERVALE CO SW,211,265500,,757505201
55,4000 Somervale Court SW,207 4000 SOMERVALE CO SW,207,295000,,757505508
56,5000 Somervale Court SW,211 5000 SOMERVALE CO SW,211,176500,,200387207
57,5000 Somervale Court SW,207 5000 SOMERVALE CO SW,207,169500,,200386803
58,5000 Somervale Court SW,207V 5000 SOMERVALE CO SW,207V,10000,,200386142
59,5000 Somervale Court SW,211V 5000 SOMERVALE CO SW,211V,10000,,200386100
60,3000 Somervale Court SW,212 3000 SOMERVALE CO SW,212,263000,,757506720
61,3000 Somervale Court SW,206 3000 SOMERVALE CO SW,206,267500,,757507066
62,5500 Somervale Court SW,206 5500 SOMERVALE CO SW,206,299500,,200285112
63,1000 Somervale Court SW,206 1000 SOMERVALE CO SW,206,263000,,757514989
64,1000 Somervale Court SW,212 1000 SOMERVALE CO SW,212,263000,,757514641
65,2000 Somervale Court SW,206 2000 SOMERVALE CO SW,206,265500,,757504063
66,2000 Somervale Court SW,212 2000 SOMERVALE CO SW,212,265500,,757503727
67,6000 Somervale Court SW,212 6000 SOMERVALE CO SW,212,311000,,757509989
68,6000 Somervale Court SW,206 6000 SOMERVALE CO SW,206,312000,,757510243
69,4000 Somervale Court SW,206 4000 SOMERVALE CO SW,206,295000,,757505482
70,4000 Somervale Court SW,212 4000 SOMERVALE CO SW,212,311000,,757505227
71,5000 Somervale Court SW,212 5000 SOMERVALE CO SW,212,247000,,200387256
72,5000 Somervale Court SW,206V 5000 SOMERVALE CO SW,206V,10000,,200385607
73,5000 Somervale Court SW,212V 5000 SOMERVALE CO SW,212V,10000,,200386092
74,3000 Somervale Court SW,205 3000 SOMERVALE CO SW,205,263000,,757506969
75,3000 Somervale Court SW,213 3000 SOMERVALE CO SW,213,263000,,757506860
76,5500 Somervale Court SW,205 5500 SOMERVALE CO SW,205,324500,,200286524
77,1000 Somervale Court SW,205 1000 SOMERVALE CO SW,205,265500,,757514880
78,1000 Somervale Court SW,213 1000 SOMERVALE CO SW,213,265500,,757514781
79,2000 Somervale Court SW,205 2000 SOMERVALE CO SW,205,265500,,757503966
80,2000 Somervale Court SW,213 2000 SOMERVALE CO SW,213,265500,,757503867
81,6000 Somervale Court SW,205 6000 SOMERVALE CO SW,205,265500,,757510227
82,6000 Somervale Court SW,213 6000 SOMERVALE CO SW,213,295000,,757510003
83,4000 Somervale Court SW,205 4000 SOMERVALE CO SW,205,265500,,757505466
84,4000 Somervale Court SW,213 4000 SOMERVALE CO SW,213,295000,,757505243
85,5000 Somervale Court SW,213 5000 SOMERVALE CO SW,213,245000,,200387215
86,5000 Somervale Court SW,205 5000 SOMERVALE CO SW,205,245000,,200386795
87,5000 Somervale Court SW,213V 5000 SOMERVALE CO SW,213V,10000,,200386084
88,5000 Somervale Court SW,205V 5000 SOMERVALE CO SW,205V,10000,,200385615
89,3000 Somervale Court SW,214 3000 SOMERVALE CO SW,214,263000,,757506746
90,3000 Somervale Court SW,204 3000 SOMERVALE CO SW,204,267500,,757507041
91,5500 Somervale Court SW,204 5500 SOMERVALE CO SW,204,265500,,200283745
92,1000 Somervale Court SW,214 1000 SOMERVALE CO SW,214,263000,,757514666
93,1000 Somervale Court SW,204 1000 SOMERVALE CO SW,204,267500,,757514963
94,2000 Somervale Court SW,214 2000 SOMERVALE CO SW,214,265500,,757503743
95,2000 Somervale Court SW,204 2000 SOMERVALE CO SW,204,267500,,757504048
96,6000 Somervale Court SW,204 6000 SOMERVALE CO SW,204,265500,,757510201
97,6000 Somervale Court SW,214 6000 SOMERVALE CO SW,214,295000,,757510029
98,4000 Somervale Court SW,204 4000 SOMERVALE CO SW,204,265500,,757505441
99,4000 Somervale Court SW,214 4000 SOMERVALE CO SW,214,295000,,757505268
100,5000 Somervale Court SW,214 5000 SOMERVALE CO SW,214,247000,,200387249
101,5000 Somervale Court SW,204 5000 SOMERVALE CO SW,204,322500,,200386753
102,5000 Somervale Court SW,214V 5000 SOMERVALE CO SW,214V,10000,,200386076
103,5000 Somervale Court SW,204V 5000 SOMERVALE CO SW,204V,10000,,200385623
104,3000 Somervale Court SW,215 3000 SOMERVALE CO SW,215,263000,,757506845
105,3000 Somervale Court SW,203 3000 SOMERVALE CO SW,203,267500,,757506985
106,5500 Somervale Court SW,203 5500 SOMERVALE CO SW,203,286000,,200284859
107,1000 Somervale Court SW,215 1000 SOMERVALE CO SW,215,265500,,757514765
108,1000 Somervale Court SW,203 1000 SOMERVALE CO SW,203,267500,,757514906
109,2000 Somervale Court SW,215 2000 SOMERVALE CO SW,215,265500,,757503842
110,2000 Somervale Court SW,203 2000 SOMERVALE CO SW,203,267500,,757503982
111,6000 Somervale Court SW,215 6000 SOMERVALE CO SW,215,265500,,757510045
112,6000 Somervale Court SW,203 6000 SOMERVALE CO SW,203,258500,,757510185
113,4000 Somervale Court SW,215 4000 SOMERVALE CO SW,215,265500,,757505284
114,4000 Somervale Court SW,203 4000 SOMERVALE CO SW,203,258500,,757505425
115,5000 Somervale Court SW,215 5000 SOMERVALE CO SW,215,247000,,200387223
116,5000 Somervale Court SW,203 5000 SOMERVALE CO SW,203,197000,,200386787
117,5000 Somervale Court SW,203V 5000 SOMERVALE CO SW,203V,10000,,200385631
118,5000 Somervale Court SW,215V 5000 SOMERVALE CO SW,215V,10000,,200386068
119,3000 Somervale Court SW,216 3000 SOMERVALE CO SW,216,267500,,757506761
120,3000 Somervale Court SW,202 3000 SOMERVALE CO SW,202,281500,,757507025
121,5500 Somervale Court SW,202 5500 SOMERVALE CO SW,202,295000,,200283737
122,2000 Somervale Court SW,216 2000 SOMERVALE CO SW,216,267500,,757503768
123,1000 Somervale Court SW,202 1000 SOMERVALE CO SW,202,281500,,757514948
124,1000 Somervale Court SW,216 1000 SOMERVALE CO SW,216,282000,,757514682
125,2000 Somervale Court SW,202 2000 SOMERVALE CO SW,202,281500,,757504022
126,6000 Somervale Court SW,202 6000 SOMERVALE CO SW,202,265500,,757510169
127,6000 Somervale Court SW,216 6000 SOMERVALE CO SW,216,280000,,757510060
128,4000 Somervale Court SW,202 4000 SOMERVALE CO SW,202,265500,,757505409
129,4000 Somervale Court SW,216 4000 SOMERVALE CO SW,216,265500,,757505300
130,5000 Somervale Court SW,202 5000 SOMERVALE CO SW,202,197000,,200386761
131,5000 Somervale Court SW,202V 5000 SOMERVALE CO SW,202V,10000,,200385649
132,5000 Somervale Court SW,216V 5000 SOMERVALE CO SW,216V,10000,,200386050
133,3000 Somervale Court SW,217 3000 SOMERVALE CO SW,217,267500,,757506829
134,3000 Somervale Court SW,201 3000 SOMERVALE CO SW,201,281500,,757507009
135,5500 Somervale Court SW,201 5500 SOMERVALE CO SW,201,295000,,200285807
136,1000 Somervale Court SW,217 1000 SOMERVALE CO SW,217,267500,,757514740
137,2000 Somervale Court SW,217 2000 SOMERVALE CO SW,217,267500,,757503826
138,1000 Somervale Court SW,201 1000 SOMERVALE CO SW,201,281500,,757514922
139,2000 Somervale Court SW,201 2000 SOMERVALE CO SW,201,281500,,757504006
140,6000 Somervale Court SW,217 6000 SOMERVALE CO SW,217,258500,,757510086
141,6000 Somervale Court SW,201 6000 SOMERVALE CO SW,201,295000,,757510144
142,4000 Somervale Court SW,217 4000 SOMERVALE CO SW,217,258500,,757505326
143,4000 Somervale Court SW,201 4000 SOMERVALE CO SW,201,295000,,757505383
144,5000 Somervale Court SW,201 5000 SOMERVALE CO SW,201,279000,,200386779
145,5000 Somervale Court SW,217V 5000 SOMERVALE CO SW,217V,10000,,200386043
146,5000 Somervale Court SW,201V 5000 SOMERVALE CO SW,201V,10000,,200385656
147,3000 Somervale Court SW,218 3000 SOMERVALE CO SW,218,279000,,757506787
148,1000 Somervale Court SW,218 1000 SOMERVALE CO SW,218,281500,,757514708
149,2000 Somervale Court SW,218 2000 SOMERVALE CO SW,218,281500,,757503784
150,6000 Somervale Court SW,218 6000 SOMERVALE CO SW,218,265500,,757510102
151,4000 Somervale Court SW,218 4000 SOMERVALE CO SW,218,265500,,757505342
152,5000 Somervale Court SW,218 5000 SOMERVALE CO SW,218,279000,,200387231
153,5000 Somervale Court SW,218V 5000 SOMERVALE CO SW,218V,10000,,200386035
154,5000 Somervale Court SW,200V 5000 SOMERVALE CO SW,200V,10000,,200385664
155,3000 Somervale Court SW,219 3000 SOMERVALE CO SW,219,279000,,757506803
156,1000 Somervale Court SW,219 1000 SOMERVALE CO SW,219,289000,,757514724
157,2000 Somervale Court SW,219 2000 SOMERVALE CO SW,219,281500,,757503800
158,6000 Somervale Court SW,219 6000 SOMERVALE CO SW,219,295000,,757510128
159,4000 Somervale Court SW,219 4000 SOMERVALE CO SW,219,295000,,757505367
160,5000 Somervale Court SW,220 5000 SOMERVALE CO SW,220,311000,,200386738
161,5000 Somervale Court SW,221 5000 SOMERVALE CO SW,221,206000,,200387272
162,5000 Somervale Court SW,223 5000 SOMERVALE CO SW,223,247000,,200387280
163,5000 Somervale Court SW,224 5000 SOMERVALE CO SW,224,313500,,200386720
164,5000 Somervale Court SW,225 5000 SOMERVALE CO SW,225,160500,,200386639
165,5000 Somervale Court SW,226 5000 SOMERVALE CO SW,226,270000,,200386712
166,5000 Somervale Court SW,227 5000 SOMERVALE CO SW,227,245000,,200386647
167,5000 Somervale Court SW,228 5000 SOMERVALE CO SW,228,245000,,200386704
168,5000 Somervale Court SW,234 5000 SOMERVALE CO SW,234,267500,,200387116
169,5000 Somervale Court SW,233 5000 SOMERVALE CO SW,233,279000,,200386670
170,5000 Somervale Court SW,242 5000 SOMERVALE CO SW,242,279000,,200386589
171,5000 Somervale Court SW,230 5000 SOMERVALE CO SW,230,245000,,200386696
172,5000 Somervale Court SW,237 5000 SOMERVALE CO SW,237,245000,,200386613
173,5000 Somervale Court SW,238 5000 SOMERVALE CO SW,238,245000,,200386563
174,5000 Somervale Court SW,236 5000 SOMERVALE CO SW,236,245000,,200385185
175,5000 Somervale Court SW,229 5000 SOMERVALE CO SW,229,242500,,200386654
176,5000 Somervale Court SW,239 5000 SOMERVALE CO SW,239,242500,,200386605
177,5000 Somervale Court SW,231 5000 SOMERVALE CO SW,231,231000,,200386662
178,5000 Somervale Court SW,240 5000 SOMERVALE CO SW,240,231000,,200386571
179,5000 Somervale Court SW,232 5000 SOMERVALE CO SW,232,231000,,200386688
180,5000 Somervale Court SW,241 5000 SOMERVALE CO SW,241,231000,,200386597
181,5000 Somervale Court SW,235 5000 SOMERVALE CO SW,235,160500,,200386621
182,5000 Somervale Court SW,199V 5000 SOMERVALE CO SW,199V,10000,,200385672
183,5000 Somervale Court SW,198V 5000 SOMERVALE CO SW,198V,10000,,200385680
184,5000 Somervale Court SW,197V 5000 SOMERVALE CO SW,197V,10000,,200385698
185,5000 Somervale Court SW,196V 5000 SOMERVALE CO SW,196V,10000,,200385706
186,5000 Somervale Court SW,195V 5000 SOMERVALE CO SW,195V,10000,,200385714
187,5000 Somervale Court SW,194V 5000 SOMERVALE CO SW,194V,10000,,200385722
188,5000 Somervale Court SW,193V 5000 SOMERVALE CO SW,193V,10000,,200385730
189,5000 Somervale Court SW,192V 5000 SOMERVALE CO SW,192V,10000,,200385748
190,5000 Somervale Court SW,191V 5000 SOMERVALE CO SW,191V,10000,,200385755
191,5000 Somervale Court SW,190V 5000 SOMERVALE CO SW,190V,10000,,200385771
192,5500 Somervale Court SW,103 5500 SOMERVALE CO SW,103,263000,,200286490
193,3000 Somervale Court SW,101 3000 SOMERVALE CO SW,101,267500,,757506621
194,3000 Somervale Court SW,102 3000 SOMERVALE CO SW,102,267500,,757506647
195,3000 Somervale Court SW,118 3000 SOMERVALE CO SW,118,267500,,757506407
196,3000 Somervale Court SW,313 3000 SOMERVALE CO SW,313,267500,,757507249
197,3000 Somervale Court SW,311 3000 SOMERVALE CO SW,311,267500,,757507264
198,3000 Somervale Court SW,306 3000 SOMERVALE CO SW,306,267500,,757507447
199,3000 Somervale Court SW,314 3000 SOMERVALE CO SW,314,267500,,757507124
200,3000 Somervale Court SW,312 3000 SOMERVALE CO SW,312,267500,,757507108
201,3000 Somervale Court SW,315 3000 SOMERVALE CO SW,315,267500,,757507223
202,3000 Somervale Court SW,107 3000 SOMERVALE CO SW,107,258500,,757506563
203,3000 Somervale Court SW,104 3000 SOMERVALE CO SW,104,258500,,757506662
204,3000 Somervale Court SW,105 3000 SOMERVALE CO SW,105,258500,,757506589
205,3000 Somervale Court SW,115 3000 SOMERVALE CO SW,115,258500,,757506464
206,3000 Somervale Court SW,111 3000 SOMERVALE CO SW,111,258500,,757506506
207,3000 Somervale Court SW,112 3000 SOMERVALE CO SW,112,258500,,757506340
208,3000 Somervale Court SW,113 3000 SOMERVALE CO SW,113,258500,,757506480
209,3000 Somervale Court SW,117 3000 SOMERVALE CO SW,117,258500,,757506449
210,5500 Somervale Court SW,108 5500 SOMERVALE CO SW,108,261000,,200285179
211,5500 Somervale Court SW,107 5500 SOMERVALE CO SW,107,261000,,200283679
212,5500 Somervale Court SW,104 5500 SOMERVALE CO SW,104,261000,,200285138
213,3000 Somervale Court SW,303 3000 SOMERVALE CO SW,303,272000,,757507363
214,3000 Somervale Court SW,304 3000 SOMERVALE CO SW,304,272000,,757507421
215,3000 Somervale Court SW,317 3000 SOMERVALE CO SW,317,272000,,757507207
216,3000 Somervale Court SW,316 3000 SOMERVALE CO SW,316,272000,,757507140
217,3000 Somervale Court SW,106 3000 SOMERVALE CO SW,106,273000,,757506688
218,3000 Somervale Court SW,103 3000 SOMERVALE CO SW,103,273000,,757506605
219,3000 Somervale Court SW,114 3000 SOMERVALE CO SW,114,273000,,757506365
220,3000 Somervale Court SW,116 3000 SOMERVALE CO SW,116,273000,,757506381
221,3000 Somervale Court SW,305 3000 SOMERVALE CO SW,305,274000,,757507348
222,5500 Somervale Court SW,304 5500 SOMERVALE CO SW,304,270000,,200285211
223,3000 Somervale Court SW,307 3000 SOMERVALE CO SW,307,281500,,757507322
224,3000 Somervale Court SW,119 3000 SOMERVALE CO SW,119,282500,,757506423
225,3000 Somervale Court SW,310 3000 SOMERVALE CO SW,310,244000,,757507280
226,3000 Somervale Court SW,302 3000 SOMERVALE CO SW,302,284000,,757507405
227,3000 Somervale Court SW,301 3000 SOMERVALE CO SW,301,286000,,757507389
228,3000 Somervale Court SW,319 3000 SOMERVALE CO SW,319,286000,,757507181
229,3000 Somervale Court SW,318 3000 SOMERVALE CO SW,318,286000,,757507165
230,5500 Somervale Court SW,308 5500 SOMERVALE CO SW,308,284000,,200286565
231,3000 Somervale Court SW,110 3000 SOMERVALE CO SW,110,236500,,757506522
232,5500 Somervale Court SW,303 5500 SOMERVALE CO SW,303,288500,,200286953
233,5500 Somervale Court SW,101 5500 SOMERVALE CO SW,101,290000,,200283760
234,5500 Somervale Court SW,102 5500 SOMERVALE CO SW,102,290000,,200283794
235,5500 Somervale Court SW,110 5500 SOMERVALE CO SW,110,290000,,200285153
236,5500 Somervale Court SW,106 5500 SOMERVALE CO SW,106,294500,,200286573
237,5500 Somervale Court SW,310 5500 SOMERVALE CO SW,310,300000,,200283604
238,5500 Somervale Court SW,302 5500 SOMERVALE CO SW,302,300000,,200284834
239,5500 Somervale Court SW,301 5500 SOMERVALE CO SW,301,300000,,200285104
240,5500 Somervale Court SW,307 5500 SOMERVALE CO SW,307,304500,,200285195
241,5500 Somervale Court SW,306 5500 SOMERVALE CO SW,306,305000,,200283778
242,5500 Somervale Court SW,305 5500 SOMERVALE CO SW,305,333000,,200284875
243,3000 Somervale Court SW,308 3000 SOMERVALE CO SW,308,344500,,757507082
244,1000 Somervale Court SW,104 1000 SOMERVALE CO SW,104,261000,,757514583
245,1000 Somervale Court SW,105 1000 SOMERVALE CO SW,105,261000,,757514500
246,1000 Somervale Court SW,111 1000 SOMERVALE CO SW,111,261000,,757514427
247,1000 Somervale Court SW,107 1000 SOMERVALE CO SW,107,261000,,757514484
248,1000 Somervale Court SW,115 1000 SOMERVALE CO SW,115,261000,,757514385
249,1000 Somervale Court SW,113 1000 SOMERVALE CO SW,113,261000,,757514401
250,1000 Somervale Court SW,117 1000 SOMERVALE CO SW,117,261000,,757514369
251,1000 Somervale Court SW,116 1000 SOMERVALE CO SW,116,261000,,757514302
252,1000 Somervale Court SW,101 1000 SOMERVALE CO SW,101,267500,,757514542
253,1000 Somervale Court SW,119 1000 SOMERVALE CO SW,119,267500,,757514344
254,1000 Somervale Court SW,306 1000 SOMERVALE CO SW,306,267500,,757515366
255,1000 Somervale Court SW,312 1000 SOMERVALE CO SW,312,267500,,757515028
256,1000 Somervale Court SW,314 1000 SOMERVALE CO SW,314,267500,,757515044
257,1000 Somervale Court SW,112 1000 SOMERVALE CO SW,112,258500,,757514260
258,1000 Somervale Court SW,106 1000 SOMERVALE CO SW,106,258500,,757514609
259,1000 Somervale Court SW,114 1000 SOMERVALE CO SW,114,258500,,757514286
260,1000 Somervale Court SW,307 1000 SOMERVALE CO SW,307,270000,,757515242
261,1000 Somervale Court SW,305 1000 SOMERVALE CO SW,305,270000,,757515267
262,1000 Somervale Court SW,313 1000 SOMERVALE CO SW,313,270000,,757515168
263,1000 Somervale Court SW,311 1000 SOMERVALE CO SW,311,270000,,757515184
264,1000 Somervale Court SW,315 1000 SOMERVALE CO SW,315,270000,,757515143
265,1000 Somervale Court SW,304 1000 SOMERVALE CO SW,304,272000,,757515341
266,1000 Somervale Court SW,303 1000 SOMERVALE CO SW,303,272000,,757515283
267,1000 Somervale Court SW,316 1000 SOMERVALE CO SW,316,272000,,757515069
268,1000 Somervale Court SW,317 1000 SOMERVALE CO SW,317,272000,,757515127
269,2000 Somervale Court SW,107 2000 SOMERVALE CO SW,107,261000,,757503560
270,2000 Somervale Court SW,105 2000 SOMERVALE CO SW,105,261000,,757503586
271,2000 Somervale Court SW,104 2000 SOMERVALE CO SW,104,261000,,757503669
272,2000 Somervale Court SW,113 2000 SOMERVALE CO SW,113,261000,,757503487
273,2000 Somervale Court SW,115 2000 SOMERVALE CO SW,115,261000,,757503461
274,2000 Somervale Court SW,112 2000 SOMERVALE CO SW,112,261000,,757503347
275,2000 Somervale Court SW,111 2000 SOMERVALE CO SW,111,261000,,757503503
276,2000 Somervale Court SW,114 2000 SOMERVALE CO SW,114,261000,,757503362
277,2000 Somervale Court SW,116 2000 SOMERVALE CO SW,116,261000,,757503388
278,2000 Somervale Court SW,117 2000 SOMERVALE CO SW,117,261000,,757503446
279,1000 Somervale Court SW,103 1000 SOMERVALE CO SW,103,275500,,757514526
280,2000 Somervale Court SW,102 2000 SOMERVALE CO SW,102,267500,,757503644
281,2000 Somervale Court SW,101 2000 SOMERVALE CO SW,101,267500,,757503628
282,2000 Somervale Court SW,118 2000 SOMERVALE CO SW,118,267500,,757503404
283,2000 Somervale Court SW,119 2000 SOMERVALE CO SW,119,267500,,757503420
284,2000 Somervale Court SW,306 2000 SOMERVALE CO SW,306,270000,,757504444
285,2000 Somervale Court SW,305 2000 SOMERVALE CO SW,305,270000,,757504345
286,2000 Somervale Court SW,311 2000 SOMERVALE CO SW,311,270000,,757504261
287,2000 Somervale Court SW,313 2000 SOMERVALE CO SW,313,270000,,757504246
288,2000 Somervale Court SW,307 2000 SOMERVALE CO SW,307,270000,,757504329
289,2000 Somervale Court SW,312 2000 SOMERVALE CO SW,312,270000,,757504105
290,2000 Somervale Court SW,315 2000 SOMERVALE CO SW,315,270000,,757504220
291,2000 Somervale Court SW,103 2000 SOMERVALE CO SW,103,271500,,757503602
292,2000 Somervale Court SW,304 2000 SOMERVALE CO SW,304,272000,,757504428
293,2000 Somervale Court SW,303 2000 SOMERVALE CO SW,303,272000,,757504360
294,2000 Somervale Court SW,316 2000 SOMERVALE CO SW,316,272000,,757504147
295,2000 Somervale Court SW,317 2000 SOMERVALE CO SW,317,272000,,757504204
296,1000 Somervale Court SW,118 1000 SOMERVALE CO SW,118,282500,,757514328
297,1000 Somervale Court SW,310 1000 SOMERVALE CO SW,310,244000,,757515200
298,2000 Somervale Court SW,106 2000 SOMERVALE CO SW,106,275500,,757503685
299,1000 Somervale Court SW,302 1000 SOMERVALE CO SW,302,286000,,757515325
300,1000 Somervale Court SW,318 1000 SOMERVALE CO SW,318,286000,,757515085
301,1000 Somervale Court SW,319 1000 SOMERVALE CO SW,319,286000,,757515101
302,1000 Somervale Court SW,110 1000 SOMERVALE CO SW,110,236500,,757514443
303,2000 Somervale Court SW,310 2000 SOMERVALE CO SW,310,244000,,757504287
304,2000 Somervale Court SW,314 2000 SOMERVALE CO SW,314,284000,,757504121
305,2000 Somervale Court SW,301 2000 SOMERVALE CO SW,301,286000,,757504386
306,2000 Somervale Court SW,302 2000 SOMERVALE CO SW,302,286000,,757504402
307,2000 Somervale Court SW,319 2000 SOMERVALE CO SW,319,286000,,757504188
308,2000 Somervale Court SW,318 2000 SOMERVALE CO SW,318,286000,,757504162
309,1000 Somervale Court SW,301 1000 SOMERVALE CO SW,301,302000,,757515309
310,1000 Somervale Court SW,102 1000 SOMERVALE CO SW,102,303000,,757514567
311,2000 Somervale Court SW,110 2000 SOMERVALE CO SW,110,236500,,757503529
312,6000 Somervale Court SW,105 6000 SOMERVALE CO SW,105,261000,,757509864
313,6000 Somervale Court SW,102 6000 SOMERVALE CO SW,102,261000,,757509807
314,6000 Somervale Court SW,104 6000 SOMERVALE CO SW,104,261000,,757509849
315,6000 Somervale Court SW,116 6000 SOMERVALE CO SW,116,261000,,757509708
316,6000 Somervale Court SW,115 6000 SOMERVALE CO SW,115,261000,,757509682
317,6000 Somervale Court SW,118 6000 SOMERVALE CO SW,118,261000,,757509740
318,6000 Somervale Court SW,317 6000 SOMERVALE CO SW,317,258500,,757510466
319,6000 Somervale Court SW,302 6000 SOMERVALE CO SW,302,270000,,757510540
320,6000 Somervale Court SW,304 6000 SOMERVALE CO SW,304,270000,,757510581
321,6000 Somervale Court SW,305 6000 SOMERVALE CO SW,305,270000,,757510607
322,6000 Somervale Court SW,315 6000 SOMERVALE CO SW,315,270000,,757510425
323,6000 Somervale Court SW,103 6000 SOMERVALE CO SW,103,254000,,757509823
324,6000 Somervale Court SW,117 6000 SOMERVALE CO SW,117,254000,,757509724
325,6000 Somervale Court SW,111 6000 SOMERVALE CO SW,111,275500,,757509609
326,6000 Somervale Court SW,303 6000 SOMERVALE CO SW,303,276500,,757510565
327,1000 Somervale Court SW,308 1000 SOMERVALE CO SW,308,347000,,757515002
328,6000 Somervale Court SW,311 6000 SOMERVALE CO SW,311,280500,,757510342
329,6000 Somervale Court SW,318 6000 SOMERVALE CO SW,318,284000,,757510482
330,6000 Somervale Court SW,316 6000 SOMERVALE CO SW,316,284000,,757510441
331,2000 Somervale Court SW,308 2000 SOMERVALE CO SW,308,347000,,757504089
332,6000 Somervale Court SW,106 6000 SOMERVALE CO SW,106,290000,,757509880
333,6000 Somervale Court SW,101 6000 SOMERVALE CO SW,101,290000,,757509781
334,6000 Somervale Court SW,107 6000 SOMERVALE CO SW,107,290000,,757509906
335,6000 Somervale Court SW,114 6000 SOMERVALE CO SW,114,290000,,757509666
336,6000 Somervale Court SW,113 6000 SOMERVALE CO SW,113,290000,,757509641
337,6000 Somervale Court SW,119 6000 SOMERVALE CO SW,119,290000,,757509765
338,6000 Somervale Court SW,310 6000 SOMERVALE CO SW,310,234500,,757510706
339,6000 Somervale Court SW,301 6000 SOMERVALE CO SW,301,300000,,757510524
340,6000 Somervale Court SW,307 6000 SOMERVALE CO SW,307,300000,,757510649
341,6000 Somervale Court SW,306 6000 SOMERVALE CO SW,306,300000,,757510623
342,6000 Somervale Court SW,314 6000 SOMERVALE CO SW,314,300000,,757510409
343,6000 Somervale Court SW,313 6000 SOMERVALE CO SW,313,300000,,757510383
344,6000 Somervale Court SW,319 6000 SOMERVALE CO SW,319,300000,,757510508
345,6000 Somervale Court SW,108 6000 SOMERVALE CO SW,108,305500,,757509922
346,6000 Somervale Court SW,112 6000 SOMERVALE CO SW,112,305500,,757509625
347,6000 Somervale Court SW,308 6000 SOMERVALE CO SW,308,316500,,757510664
348,6000 Somervale Court SW,312 6000 SOMERVALE CO SW,312,316500,,757510367
349,4000 Somervale Court SW,303 4000 SOMERVALE CO SW,303,263000,,757505805
350,4000 Somervale Court SW,317 4000 SOMERVALE CO SW,317,263000,,757505706
351,4000 Somervale Court SW,105 4000 SOMERVALE CO SW,105,261000,,757505102
352,4000 Somervale Court SW,102 4000 SOMERVALE CO SW,102,261000,,757505045
353,4000 Somervale Court SW,104 4000 SOMERVALE CO SW,104,261000,,757505086
354,4000 Somervale Court SW,115 4000 SOMERVALE CO SW,115,261000,,757504923
355,4000 Somervale Court SW,111 4000 SOMERVALE CO SW,111,261000,,757504840
356,4000 Somervale Court SW,118 4000 SOMERVALE CO SW,118,261000,,757504980
357,4000 Somervale Court SW,116 4000 SOMERVALE CO SW,116,261000,,757504949
358,4000 Somervale Court SW,305 4000 SOMERVALE CO SW,305,270000,,757505847
359,4000 Somervale Court SW,302 4000 SOMERVALE CO SW,302,270000,,757505789
360,4000 Somervale Court SW,304 4000 SOMERVALE CO SW,304,270000,,757505821
361,4000 Somervale Court SW,311 4000 SOMERVALE CO SW,311,270000,,757505581
362,4000 Somervale Court SW,316 4000 SOMERVALE CO SW,316,270000,,757505680
363,4000 Somervale Court SW,315 4000 SOMERVALE CO SW,315,270000,,757505664
364,4000 Somervale Court SW,318 4000 SOMERVALE CO SW,318,270000,,757505722
365,4000 Somervale Court SW,103 4000 SOMERVALE CO SW,103,254000,,757505060
366,4000 Somervale Court SW,117 4000 SOMERVALE CO SW,117,254000,,757504964
367,4000 Somervale Court SW,101 4000 SOMERVALE CO SW,101,290000,,757505029
368,4000 Somervale Court SW,106 4000 SOMERVALE CO SW,106,290000,,757505128
369,4000 Somervale Court SW,113 4000 SOMERVALE CO SW,113,290000,,757504881
370,4000 Somervale Court SW,114 4000 SOMERVALE CO SW,114,290000,,757504907
371,4000 Somervale Court SW,107 4000 SOMERVALE CO SW,107,290000,,757505144
372,4000 Somervale Court SW,119 4000 SOMERVALE CO SW,119,290000,,757505003
373,4000 Somervale Court SW,310 4000 SOMERVALE CO SW,310,234500,,757505946
374,4000 Somervale Court SW,307 4000 SOMERVALE CO SW,307,300000,,757505888
375,4000 Somervale Court SW,301 4000 SOMERVALE CO SW,301,300000,,757505763
376,4000 Somervale Court SW,306 4000 SOMERVALE CO SW,306,300000,,757505862
377,4000 Somervale Court SW,319 4000 SOMERVALE CO SW,319,300000,,757505748
378,4000 Somervale Court SW,313 4000 SOMERVALE CO SW,313,300000,,757505623
379,4000 Somervale Court SW,314 4000 SOMERVALE CO SW,314,300000,,757505649
380,4000 Somervale Court SW,108 4000 SOMERVALE CO SW,108,305500,,757505169
381,4000 Somervale Court SW,112 4000 SOMERVALE CO SW,112,305500,,757504865
382,4000 Somervale Court SW,312 4000 SOMERVALE CO SW,312,316500,,757505607
383,4000 Somervale Court SW,308 4000 SOMERVALE CO SW,308,316500,,757505904
384,5000 Somervale Court SW,126 5000 SOMERVALE CO SW,126,263000,,200386209
385,5000 Somervale Court SW,310 5000 SOMERVALE CO SW,310,265000,,200385581
386,5000 Somervale Court SW,108 5000 SOMERVALE CO SW,108,265500,,200386217
387,5000 Somervale Court SW,101 5000 SOMERVALE CO SW,101,272000,,200386241
388,5000 Somervale Court SW,142 5000 SOMERVALE CO SW,142,272000,,200385102
389,5000 Somervale Court SW,118 5000 SOMERVALE CO SW,118,272000,,200386837
390,5000 Somervale Court SW,133 5000 SOMERVALE CO SW,133,272000,,200386167
391,5000 Somervale Court SW,308 5000 SOMERVALE CO SW,308,272000,,200387306
392,5000 Somervale Court SW,134 5000 SOMERVALE CO SW,134,254000,,200386860
393,5000 Somervale Court SW,334 5000 SOMERVALE CO SW,334,274500,,200385821
394,5000 Somervale Court SW,312 5000 SOMERVALE CO SW,312,251000,,200385573
395,5000 Somervale Court SW,314 5000 SOMERVALE CO SW,314,251000,,200385565
396,5000 Somervale Court SW,326 5000 SOMERVALE CO SW,326,277000,,200387090
397,5000 Somervale Court SW,305 5000 SOMERVALE CO SW,305,248500,,200387355
398,5000 Somervale Court SW,313 5000 SOMERVALE CO SW,313,248500,,200385532
399,5000 Somervale Court SW,323 5000 SOMERVALE CO SW,323,248500,,200385813
400,5000 Somervale Court SW,315 5000 SOMERVALE CO SW,315,248500,,200385540
401,5000 Somervale Court SW,321 5000 SOMERVALE CO SW,321,248500,,200385805
402,5000 Somervale Court SW,327 5000 SOMERVALE CO SW,327,248500,,200385920
403,5000 Somervale Court SW,328 5000 SOMERVALE CO SW,328,248500,,200387082
404,5000 Somervale Court SW,330 5000 SOMERVALE CO SW,330,248500,,200385979
405,5000 Somervale Court SW,338 5000 SOMERVALE CO SW,338,248500,,200385847
406,5000 Somervale Court SW,336 5000 SOMERVALE CO SW,336,248500,,200385839
407,5000 Somervale Court SW,337 5000 SOMERVALE CO SW,337,248500,,200385896
408,5000 Somervale Court SW,339 5000 SOMERVALE CO SW,339,246500,,200385888
409,5000 Somervale Court SW,318 5000 SOMERVALE CO SW,318,284000,,200385557
410,5000 Somervale Court SW,333 5000 SOMERVALE CO SW,333,284000,,200385953
411,5000 Somervale Court SW,342 5000 SOMERVALE CO SW,342,284000,,200385862
412,5000 Somervale Court SW,105 5000 SOMERVALE CO SW,105,241000,,200386266
413,5000 Somervale Court SW,112 5000 SOMERVALE CO SW,112,241000,,200386852
414,5000 Somervale Court SW,114 5000 SOMERVALE CO SW,114,241000,,200386845
415,5000 Somervale Court SW,127 5000 SOMERVALE CO SW,127,241000,,200385169
416,5000 Somervale Court SW,128 5000 SOMERVALE CO SW,128,241000,,200386191
417,5000 Somervale Court SW,129 5000 SOMERVALE CO SW,129,241000,,200385177
418,5000 Somervale Court SW,130 5000 SOMERVALE CO SW,130,241000,,200386183
419,5000 Somervale Court SW,113 5000 SOMERVALE CO SW,113,241000,,200386811
420,5000 Somervale Court SW,115 5000 SOMERVALE CO SW,115,241000,,200386829
421,5000 Somervale Court SW,136 5000 SOMERVALE CO SW,136,241000,,200386878
422,5000 Somervale Court SW,137 5000 SOMERVALE CO SW,137,241000,,200385136
423,5000 Somervale Court SW,138 5000 SOMERVALE CO SW,138,241000,,200385086
424,5000 Somervale Court SW,139 5000 SOMERVALE CO SW,139,238500,,200385128
425,5000 Somervale Court SW,131 5000 SOMERVALE CO SW,131,237000,,200386159
426,5000 Somervale Court SW,331 5000 SOMERVALE CO SW,331,234500,,200385946
427,5000 Somervale Court SW,332 5000 SOMERVALE CO SW,332,234500,,200385961
428,5000 Somervale Court SW,340 5000 SOMERVALE CO SW,340,234500,,200385854
429,5000 Somervale Court SW,341 5000 SOMERVALE CO SW,341,234500,,200385870
430,5000 Somervale Court SW,301 5000 SOMERVALE CO SW,301,299500,,200387330
431,5000 Somervale Court SW,141 5000 SOMERVALE CO SW,141,227500,,200385110
432,5000 Somervale Court SW,140 5000 SOMERVALE CO SW,140,227500,,200385094
433,5000 Somervale Court SW,132 5000 SOMERVALE CO SW,132,225500,,200386175
434,5000 Somervale Court SW,104 5000 SOMERVALE CO SW,104,316500,,200386225
435,5000 Somervale Court SW,320 5000 SOMERVALE CO SW,320,316500,,200387298
436,5000 Somervale Court SW,324 5000 SOMERVALE CO SW,324,319000,,200387108
437,5000 Somervale Court SW,303 5000 SOMERVALE CO SW,303,199500,,200387348
438,5000 Somervale Court SW,302 5000 SOMERVALE CO SW,302,199500,,200387322
439,5000 Somervale Court SW,319 5000 SOMERVALE CO SW,319,199500,,200385599
440,5000 Somervale Court SW,304 5000 SOMERVALE CO SW,304,350000,,200387314
441,5000 Somervale Court SW,103 5000 SOMERVALE CO SW,103,194000,,200386258
442,5000 Somervale Court SW,102 5000 SOMERVALE CO SW,102,194000,,200386233
443,5000 Somervale Court SW,311 5000 SOMERVALE CO SW,311,178500,,200385524
444,5000 Somervale Court SW,307 5000 SOMERVALE CO SW,307,171500,,200387363
445,5000 Somervale Court SW,125 5000 SOMERVALE CO SW,125,169500,,200385151
446,5000 Somervale Court SW,135 5000 SOMERVALE CO SW,135,169500,,200385144
447,5000 Somervale Court SW,325 5000 SOMERVALE CO SW,325,162000,,200385912
448,5000 Somervale Court SW,335 5000 SOMERVALE CO SW,335,162000,,200385904
449,3000 Somervale Court SW,100V 3000 SOMERVALE CO SW,100V,10000,,757508320
450,3000 Somervale Court SW,101V 3000 SOMERVALE CO SW,101V,10000,,757508346
451,3000 Somervale Court SW,102V 3000 SOMERVALE CO SW,102V,10000,,757508361
452,3000 Somervale Court SW,103V 3000 SOMERVALE CO SW,103V,10000,,757508387
453,3000 Somervale Court SW,104V 3000 SOMERVALE CO SW,104V,10000,,757508403
454,3000 Somervale Court SW,105V 3000 SOMERVALE CO SW,105V,10000,,757508429
455,3000 Somervale Court SW,106V 3000 SOMERVALE CO SW,106V,10000,,757508445
456,3000 Somervale Court SW,107V 3000 SOMERVALE CO SW,107V,10000,,757508460
457,3000 Somervale Court SW,108V 3000 SOMERVALE CO SW,108V,10000,,757508486
458,3000 Somervale Court SW,110V 3000 SOMERVALE CO SW,110V,10000,,757508528
459,3000 Somervale Court SW,111V 3000 SOMERVALE CO SW,111V,10000,,757508544
460,3000 Somervale Court SW,112V 3000 SOMERVALE CO SW,112V,10000,,757508569
461,3000 Somervale Court SW,113V 3000 SOMERVALE CO SW,113V,10000,,757508585
462,3000 Somervale Court SW,114V 3000 SOMERVALE CO SW,114V,10000,,757508601
463,3000 Somervale Court SW,115V 3000 SOMERVALE CO SW,115V,10000,,757508627
464,3000 Somervale Court SW,116V 3000 SOMERVALE CO SW,116V,10000,,757508643
465,3000 Somervale Court SW,117V 3000 SOMERVALE CO SW,117V,10000,,757508668
466,3000 Somervale Court SW,118V 3000 SOMERVALE CO SW,118V,10000,,757508684
467,3000 Somervale Court SW,119V 3000 SOMERVALE CO SW,119V,10000,,757508700
468,3000 Somervale Court SW,120V 3000 SOMERVALE CO SW,120V,10000,,757508726
469,3000 Somervale Court SW,121V 3000 SOMERVALE CO SW,121V,10000,,757508742
470,3000 Somervale Court SW,122V 3000 SOMERVALE CO SW,122V,10000,,757508767
471,3000 Somervale Court SW,123V 3000 SOMERVALE CO SW,123V,10000,,757508783
472,3000 Somervale Court SW,124V 3000 SOMERVALE CO SW,124V,10000,,757508809
473,3000 Somervale Court SW,125V 3000 SOMERVALE CO SW,125V,10000,,757508825
474,3000 Somervale Court SW,126V 3000 SOMERVALE CO SW,126V,10000,,757508841
475,3000 Somervale Court SW,127V 3000 SOMERVALE CO SW,127V,10000,,757508866
476,3000 Somervale Court SW,128V 3000 SOMERVALE CO SW,128V,10000,,757508882
477,3000 Somervale Court SW,129V 3000 SOMERVALE CO SW,129V,10000,,757508908
478,3000 Somervale Court SW,130V 3000 SOMERVALE CO SW,130V,10000,,757508924
479,3000 Somervale Court SW,131V 3000 SOMERVALE CO SW,131V,10000,,757508940
480,3000 Somervale Court SW,132V 3000 SOMERVALE CO SW,132V,10000,,757508965
481,3000 Somervale Court SW,133V 3000 SOMERVALE CO SW,133V,10000,,757508981
482,3000 Somervale Court SW,134V 3000 SOMERVALE CO SW,134V,10000,,757509005
483,3000 Somervale Court SW,135V 3000 SOMERVALE CO SW,135V,10000,,757509021
484,3000 Somervale Court SW,136V 3000 SOMERVALE CO SW,136V,10000,,757509047
485,3000 Somervale Court SW,137V 3000 SOMERVALE CO SW,137V,10000,,757509062
486,3000 Somervale Court SW,138V 3000 SOMERVALE CO SW,138V,10000,,757509088
487,3000 Somervale Court SW,139V 3000 SOMERVALE CO SW,139V,10000,,757509104
488,3000 Somervale Court SW,140V 3000 SOMERVALE CO SW,140V,10000,,757509120
489,3000 Somervale Court SW,141V 3000 SOMERVALE CO SW,141V,10000,,757509146
490,3000 Somervale Court SW,145S 3000 SOMERVALE CO SW,145S,2500,,757509229
491,3000 Somervale Court SW,146S 3000 SOMERVALE CO SW,146S,2500,,757509245
492,3000 Somervale Court SW,147S 3000 SOMERVALE CO SW,147S,2500,,757509260
493,3000 Somervale Court SW,148S 3000 SOMERVALE CO SW,148S,2500,,757509286
494,3000 Somervale Court SW,149S 3000 SOMERVALE CO SW,149S,2500,,757509302
495,3000 Somervale Court SW,150S 3000 SOMERVALE CO SW,150S,2500,,757509328
496,3000 Somervale Court SW,151S 3000 SOMERVALE CO SW,151S,2500,,757509344
497,3000 Somervale Court SW,152S 3000 SOMERVALE CO SW,152S,2500,,757509369
498,3000 Somervale Court SW,153S 3000 SOMERVALE CO SW,153S,2500,,757509385
499,3000 Somervale Court SW,142S 3000 SOMERVALE CO SW,142S,2500,,757509161
500,3000 Somervale Court SW,154S 3000 SOMERVALE CO SW,154S,2500,,757509401
501,3000 Somervale Court SW,143S 3000 SOMERVALE CO SW,143S,2500,,757509187
502,3000 Somervale Court SW,144S 3000 SOMERVALE CO SW,144S,2500,,757509203
503,3000 Somervale Court SW,155S 3000 SOMERVALE CO SW,155S,2500,,757509427
504,3000 Somervale Court SW,156S 3000 SOMERVALE CO SW,156S,2500,,757509443
505,3000 Somervale Court SW,157S 3000 SOMERVALE CO SW,157S,2500,,757509468
506,3000 Somervale Court SW,158S 3000 SOMERVALE CO SW,158S,2500,,757509484
507,3000 Somervale Court SW,159S 3000 SOMERVALE CO SW,159S,2500,,757509500
508,3000 Somervale Court SW,160S 3000 SOMERVALE CO SW,160S,2500,,757509526
509,3000 Somervale Court SW,161S 3000 SOMERVALE CO SW,161S,2500,,757509542
510,3000 Somervale Court SW,162S 3000 SOMERVALE CO SW,162S,2500,,757509567
511,3000 Somervale Court SW,163S 3000 SOMERVALE CO SW,163S,2500,,757509583
512,6000 Somervale Court SW,100V 6000 SOMERVALE CO SW,100V,10000,,757511589
513,6000 Somervale Court SW,101V 6000 SOMERVALE CO SW,101V,10000,,757511605
514,6000 Somervale Court SW,102V 6000 SOMERVALE CO SW,102V,10000,,757511621
515,6000 Somervale Court SW,103V 6000 SOMERVALE CO SW,103V,10000,,757511647
516,6000 Somervale Court SW,104V 6000 SOMERVALE CO SW,104V,10000,,757511662
517,6000 Somervale Court SW,105V 6000 SOMERVALE CO SW,105V,10000,,757511688
518,6000 Somervale Court SW,106V 6000 SOMERVALE CO SW,106V,10000,,757511704
519,6000 Somervale Court SW,107V 6000 SOMERVALE CO SW,107V,10000,,757511720
520,6000 Somervale Court SW,108V 6000 SOMERVALE CO SW,108V,10000,,757511746
521,6000 Somervale Court SW,110V 6000 SOMERVALE CO SW,110V,10000,,757511787
522,6000 Somervale Court SW,111V 6000 SOMERVALE CO SW,111V,10000,,757511803
523,6000 Somervale Court SW,112V 6000 SOMERVALE CO SW,112V,10000,,757511829
524,6000 Somervale Court SW,113V 6000 SOMERVALE CO SW,113V,10000,,757511845
525,6000 Somervale Court SW,114V 6000 SOMERVALE CO SW,114V,10000,,757511860
526,6000 Somervale Court SW,115V 6000 SOMERVALE CO SW,115V,10000,,757511886
527,6000 Somervale Court SW,116V 6000 SOMERVALE CO SW,116V,10000,,757511902
528,6000 Somervale Court SW,117V 6000 SOMERVALE CO SW,117V,10000,,757511928
529,6000 Somervale Court SW,118V 6000 SOMERVALE CO SW,118V,10000,,757511944
530,6000 Somervale Court SW,119V 6000 SOMERVALE CO SW,119V,10000,,757511969
531,6000 Somervale Court SW,120V 6000 SOMERVALE CO SW,120V,10000,,757511985
532,6000 Somervale Court SW,121V 6000 SOMERVALE CO SW,121V,10000,,757512009
533,6000 Somervale Court SW,122V 6000 SOMERVALE CO SW,122V,10000,,757512025
534,6000 Somervale Court SW,123V 6000 SOMERVALE CO SW,123V,10000,,757512041
535,6000 Somervale Court SW,124V 6000 SOMERVALE CO SW,124V,10000,,757512066
536,6000 Somervale Court SW,125V 6000 SOMERVALE CO SW,125V,10000,,757512082
537,6000 Somervale Court SW,126V 6000 SOMERVALE CO SW,126V,10000,,757512108
538,6000 Somervale Court SW,127V 6000 SOMERVALE CO SW,127V,10000,,757512124
539,6000 Somervale Court SW,128V 6000 SOMERVALE CO SW,128V,10000,,757512140
540,6000 Somervale Court SW,129V 6000 SOMERVALE CO SW,129V,10000,,757512165
541,6000 Somervale Court SW,130V 6000 SOMERVALE CO SW,130V,10000,,757512181
542,6000 Somervale Court SW,131V 6000 SOMERVALE CO SW,131V,10000,,757512207
543,6000 Somervale Court SW,132V 6000 SOMERVALE CO SW,132V,10000,,757512223
544,6000 Somervale Court SW,133V 6000 SOMERVALE CO SW,133V,10000,,757512249
545,6000 Somervale Court SW,134V 6000 SOMERVALE CO SW,134V,10000,,757512264
546,6000 Somervale Court SW,135V 6000 SOMERVALE CO SW,135V,10000,,757512280
547,6000 Somervale Court SW,136V 6000 SOMERVALE CO SW,136V,10000,,757512306
548,6000 Somervale Court SW,137V 6000 SOMERVALE CO SW,137V,10000,,757512322
549,6000 Somervale Court SW,138V 6000 SOMERVALE CO SW,138V,10000,,757512348
550,6000 Somervale Court SW,139V 6000 SOMERVALE CO SW,139V,10000,,757512363
551,6000 Somervale Court SW,140V 6000 SOMERVALE CO SW,140V,10000,,757512389
552,6000 Somervale Court SW,141V 6000 SOMERVALE CO SW,141V,10000,,757512405
553,6000 Somervale Court SW,142V 6000 SOMERVALE CO SW,142V,10000,,757512421
554,5000 Somervale Court SW,143V 5000 SOMERVALE CO SW,143V,10000,,200386498
555,5000 Somervale Court SW,144V 5000 SOMERVALE CO SW,144V,10000,,200386480
556,5000 Somervale Court SW,145V 5000 SOMERVALE CO SW,145V,10000,,200386472
557,5000 Somervale Court SW,146V 5000 SOMERVALE CO SW,146V,10000,,200386464
558,5000 Somervale Court SW,147V 5000 SOMERVALE CO SW,147V,10000,,200386456
559,5000 Somervale Court SW,148V 5000 SOMERVALE CO SW,148V,10000,,200386449
560,5000 Somervale Court SW,149V 5000 SOMERVALE CO SW,149V,10000,,200386431
561,5000 Somervale Court SW,150V 5000 SOMERVALE CO SW,150V,10000,,200386423
562,5000 Somervale Court SW,151V 5000 SOMERVALE CO SW,151V,10000,,200386415
563,5000 Somervale Court SW,152V 5000 SOMERVALE CO SW,152V,10000,,200386407
564,5000 Somervale Court SW,153V 5000 SOMERVALE CO SW,153V,10000,,200386399
565,5000 Somervale Court SW,154V 5000 SOMERVALE CO SW,154V,10000,,200386381
566,5000 Somervale Court SW,155V 5000 SOMERVALE CO SW,155V,10000,,200386373
567,5000 Somervale Court SW,156V 5000 SOMERVALE CO SW,156V,10000,,200386365
568,5000 Somervale Court SW,157V 5000 SOMERVALE CO SW,157V,10000,,200386357
569,5000 Somervale Court SW,158V 5000 SOMERVALE CO SW,158V,10000,,200386340
570,5000 Somervale Court SW,159V 5000 SOMERVALE CO SW,159V,10000,,200386332
571,5000 Somervale Court SW,160V 5000 SOMERVALE CO SW,160V,10000,,200386324
572,5000 Somervale Court SW,161V 5000 SOMERVALE CO SW,161V,10000,,200386316
573,5000 Somervale Court SW,162V 5000 SOMERVALE CO SW,162V,10000,,200386308
574,5000 Somervale Court SW,163V 5000 SOMERVALE CO SW,163V,10000,,200386290
575,5000 Somervale Court SW,164V 5000 SOMERVALE CO SW,164V,10000,,200386282
576,5000 Somervale Court SW,165V 5000 SOMERVALE CO SW,165V,10000,,200386274
577,5000 Somervale Court SW,166V 5000 SOMERVALE CO SW,166V,10000,,200385763
578,5000 Somervale Court SW,167V 5000 SOMERVALE CO SW,167V,10000,,200386993
579,5000 Somervale Court SW,168V 5000 SOMERVALE CO SW,168V,10000,,200386985
580,5000 Somervale Court SW,169V 5000 SOMERVALE CO SW,169V,10000,,200386977
581,5000 Somervale Court SW,170V 5000 SOMERVALE CO SW,170V,10000,,200386969
582,5000 Somervale Court SW,171V 5000 SOMERVALE CO SW,171V,10000,,200385078
583,5000 Somervale Court SW,172V 5000 SOMERVALE CO SW,172V,10000,,200385060
584,5000 Somervale Court SW,173V 5000 SOMERVALE CO SW,173V,10000,,200385052
585,5000 Somervale Court SW,174V 5000 SOMERVALE CO SW,174V,10000,,200385045
586,5000 Somervale Court SW,175V 5000 SOMERVALE CO SW,175V,10000,,200385037
587,5000 Somervale Court SW,176V 5000 SOMERVALE CO SW,176V,10000,,200385029
588,5000 Somervale Court SW,177V 5000 SOMERVALE CO SW,177V,10000,,200385011
589,5000 Somervale Court SW,178V 5000 SOMERVALE CO SW,178V,10000,,200385003
590,5000 Somervale Court SW,179V 5000 SOMERVALE CO SW,179V,10000,,200384998
591,5000 Somervale Court SW,180V 5000 SOMERVALE CO SW,180V,10000,,200386951
592,5000 Somervale Court SW,181V 5000 SOMERVALE CO SW,181V,10000,,200386944
593,5000 Somervale Court SW,182V 5000 SOMERVALE CO SW,182V,10000,,200386936
594,5000 Somervale Court SW,183V 5000 SOMERVALE CO SW,183V,10000,,200386928
595,5000 Somervale Court SW,184V 5000 SOMERVALE CO SW,184V,10000,,200386910
596,5000 Somervale Court SW,185V 5000 SOMERVALE CO SW,185V,10000,,200386902
597,5000 Somervale Court SW,186V 5000 SOMERVALE CO SW,186V,10000,,200386894
598,5000 Somervale Court SW,187V 5000 SOMERVALE CO SW,187V,10000,,200386886
599,5000 Somervale Court SW,188V 5000 SOMERVALE CO SW,188V,10000,,200385797
600,5000 Somervale Court SW,189V 5000 SOMERVALE CO SW,189V,10000,,200385789
601,3000 Somervale Court SW,405 3000 SOMERVALE CO SW,405,272000,,757507728
602,3000 Somervale Court SW,406 3000 SOMERVALE CO SW,406,272000,,757507827
603,3000 Somervale Court SW,407 3000 SOMERVALE CO SW,407,272000,,757507702
604,3000 Somervale Court SW,411 3000 SOMERVALE CO SW,411,272000,,757507645
605,3000 Somervale Court SW,414 3000 SOMERVALE CO SW,414,272000,,757507504
606,3000 Somervale Court SW,413 3000 SOMERVALE CO SW,413,272000,,757507629
607,3000 Somervale Court SW,412 3000 SOMERVALE CO SW,412,272000,,757507488
608,3000 Somervale Court SW,415 3000 SOMERVALE CO SW,415,272000,,757507603
609,3000 Somervale Court SW,404 3000 SOMERVALE CO SW,404,276500,,757507801
610,3000 Somervale Court SW,403 3000 SOMERVALE CO SW,403,276500,,757507744
611,3000 Somervale Court SW,416 3000 SOMERVALE CO SW,416,276500,,757507520
612,3000 Somervale Court SW,417 3000 SOMERVALE CO SW,417,276500,,757507587
613,5500 Somervale Court SW,404 5500 SOMERVALE CO SW,404,274000,,200285617
614,5500 Somervale Court SW,408 5500 SOMERVALE CO SW,408,274000,,200283950
615,3000 Somervale Court SW,410 3000 SOMERVALE CO SW,410,248000,,757507660
616,3000 Somervale Court SW,402 3000 SOMERVALE CO SW,402,288500,,757507785
617,3000 Somervale Court SW,401 3000 SOMERVALE CO SW,401,291000,,757507769
618,3000 Somervale Court SW,418 3000 SOMERVALE CO SW,418,291000,,757507546
619,3000 Somervale Court SW,419 3000 SOMERVALE CO SW,419,291000,,757507561
620,5500 Somervale Court SW,403 5500 SOMERVALE CO SW,403,293500,,200284818
621,5500 Somervale Court SW,407 5500 SOMERVALE CO SW,407,293500,,200285237
622,5500 Somervale Court SW,401 5500 SOMERVALE CO SW,401,307500,,200283711
623,5500 Somervale Court SW,402 5500 SOMERVALE CO SW,402,307500,,200286540
624,5500 Somervale Court SW,410 5500 SOMERVALE CO SW,410,307500,,200283828
625,5500 Somervale Court SW,406 5500 SOMERVALE CO SW,406,310000,,200284891
626,5500 Somervale Court SW,405 5500 SOMERVALE CO SW,405,339000,,200287084
627,3000 Somervale Court SW,408 3000 SOMERVALE CO SW,408,371000,,757507462
628,1000 Somervale Court SW,406 1000 SOMERVALE CO SW,406,272000,,757515747
629,1000 Somervale Court SW,414 1000 SOMERVALE CO SW,414,272000,,757515424
630,1000 Somervale Court SW,412 1000 SOMERVALE CO SW,412,272000,,757515408
631,1000 Somervale Court SW,405 1000 SOMERVALE CO SW,405,274000,,757515648
632,1000 Somervale Court SW,407 1000 SOMERVALE CO SW,407,274000,,757515622
633,1000 Somervale Court SW,413 1000 SOMERVALE CO SW,413,274000,,757515549
634,1000 Somervale Court SW,411 1000 SOMERVALE CO SW,411,274000,,757515564
635,1000 Somervale Court SW,415 1000 SOMERVALE CO SW,415,274000,,757515523
636,2000 Somervale Court SW,410 2000 SOMERVALE CO SW,410,260500,,757504667
637,1000 Somervale Court SW,403 1000 SOMERVALE CO SW,403,276500,,757515663
638,1000 Somervale Court SW,404 1000 SOMERVALE CO SW,404,276500,,757515721
639,1000 Somervale Court SW,416 1000 SOMERVALE CO SW,416,276500,,757515440
640,1000 Somervale Court SW,417 1000 SOMERVALE CO SW,417,276500,,757515507
641,1000 Somervale Court SW,410 1000 SOMERVALE CO SW,410,248000,,757515580
642,2000 Somervale Court SW,405 2000 SOMERVALE CO SW,405,274000,,757504725
643,2000 Somervale Court SW,407 2000 SOMERVALE CO SW,407,274000,,757504709
644,2000 Somervale Court SW,406 2000 SOMERVALE CO SW,406,274000,,757504824
645,2000 Somervale Court SW,412 2000 SOMERVALE CO SW,412,274000,,757504485
646,2000 Somervale Court SW,411 2000 SOMERVALE CO SW,411,274000,,757504642
647,2000 Somervale Court SW,413 2000 SOMERVALE CO SW,413,274000,,757504626
648,2000 Somervale Court SW,414 2000 SOMERVALE CO SW,414,274000,,757504501
649,2000 Somervale Court SW,415 2000 SOMERVALE CO SW,415,274000,,757504600
650,2000 Somervale Court SW,403 2000 SOMERVALE CO SW,403,276500,,757504741
651,2000 Somervale Court SW,404 2000 SOMERVALE CO SW,404,276500,,757504808
652,2000 Somervale Court SW,416 2000 SOMERVALE CO SW,416,276500,,757504527
653,2000 Somervale Court SW,417 2000 SOMERVALE CO SW,417,276500,,757504584
654,1000 Somervale Court SW,402 1000 SOMERVALE CO SW,402,291000,,757515705
655,1000 Somervale Court SW,419 1000 SOMERVALE CO SW,419,291000,,757515481
656,1000 Somervale Court SW,418 1000 SOMERVALE CO SW,418,291000,,757515465
657,2000 Somervale Court SW,402 2000 SOMERVALE CO SW,402,291000,,757504782
658,2000 Somervale Court SW,401 2000 SOMERVALE CO SW,401,291000,,757504766
659,2000 Somervale Court SW,418 2000 SOMERVALE CO SW,418,291000,,757504543
660,1000 Somervale Court SW,401 1000 SOMERVALE CO SW,401,306500,,757515689
661,2000 Somervale Court SW,419 2000 SOMERVALE CO SW,419,315500,,757504568
662,6000 Somervale Court SW,403 6000 SOMERVALE CO SW,403,267000,,757510946
663,6000 Somervale Court SW,404 6000 SOMERVALE CO SW,404,274000,,757510961
664,6000 Somervale Court SW,402 6000 SOMERVALE CO SW,402,274000,,757510920
665,6000 Somervale Court SW,411 6000 SOMERVALE CO SW,411,274000,,757510722
666,6000 Somervale Court SW,405 6000 SOMERVALE CO SW,405,274000,,757510987
667,6000 Somervale Court SW,416 6000 SOMERVALE CO SW,416,274000,,757510821
668,6000 Somervale Court SW,418 6000 SOMERVALE CO SW,418,274000,,757510862
669,6000 Somervale Court SW,415 6000 SOMERVALE CO SW,415,274000,,757510805
670,6000 Somervale Court SW,417 6000 SOMERVALE CO SW,417,281000,,757510847
671,1000 Somervale Court SW,408 1000 SOMERVALE CO SW,408,353500,,757515382
672,6000 Somervale Court SW,410 6000 SOMERVALE CO SW,410,238500,,757511084
673,2000 Somervale Court SW,408 2000 SOMERVALE CO SW,408,353500,,757504469
674,6000 Somervale Court SW,401 6000 SOMERVALE CO SW,401,305500,,757510904
675,6000 Somervale Court SW,407 6000 SOMERVALE CO SW,407,305500,,757511027
676,6000 Somervale Court SW,414 6000 SOMERVALE CO SW,414,305500,,757510789
677,6000 Somervale Court SW,413 6000 SOMERVALE CO SW,413,305500,,757510763
678,6000 Somervale Court SW,406 6000 SOMERVALE CO SW,406,305500,,757511001
679,6000 Somervale Court SW,419 6000 SOMERVALE CO SW,419,305500,,757510888
680,6000 Somervale Court SW,408 6000 SOMERVALE CO SW,408,322000,,757511043
681,6000 Somervale Court SW,412 6000 SOMERVALE CO SW,412,322000,,757510748
682,4000 Somervale Court SW,417 4000 SOMERVALE CO SW,417,267000,,757506084
683,4000 Somervale Court SW,402 4000 SOMERVALE CO SW,402,274000,,757506167
684,4000 Somervale Court SW,405 4000 SOMERVALE CO SW,405,274000,,757506225
685,4000 Somervale Court SW,404 4000 SOMERVALE CO SW,404,274000,,757506209
686,4000 Somervale Court SW,412 4000 SOMERVALE CO SW,412,274000,,757505987
687,4000 Somervale Court SW,416 4000 SOMERVALE CO SW,416,274000,,757506068
688,4000 Somervale Court SW,415 4000 SOMERVALE CO SW,415,274000,,757506043
689,4000 Somervale Court SW,418 4000 SOMERVALE CO SW,418,274000,,757506100
690,4000 Somervale Court SW,411 4000 SOMERVALE CO SW,411,278000,,757505961
691,4000 Somervale Court SW,410 4000 SOMERVALE CO SW,410,238500,,757506324
692,4000 Somervale Court SW,403 4000 SOMERVALE CO SW,403,299500,,757506183
693,4000 Somervale Court SW,401 4000 SOMERVALE CO SW,401,305500,,757506142
694,4000 Somervale Court SW,406 4000 SOMERVALE CO SW,406,305500,,757506241
695,4000 Somervale Court SW,407 4000 SOMERVALE CO SW,407,305500,,757506266
696,4000 Somervale Court SW,413 4000 SOMERVALE CO SW,413,305500,,757506001
697,4000 Somervale Court SW,414 4000 SOMERVALE CO SW,414,305500,,757506027
698,4000 Somervale Court SW,419 4000 SOMERVALE CO SW,419,305500,,757506126
699,4000 Somervale Court SW,408 4000 SOMERVALE CO SW,408,322000,,757506282
700,5000 Somervale Court SW,410 5000 SOMERVALE CO SW,410,269500,,200385201
701,5000 Somervale Court SW,412 5000 SOMERVALE CO SW,412,255000,,200385193
702,5000 Somervale Court SW,413 5000 SOMERVALE CO SW,413,255000,,200386522
703,5000 Somervale Court SW,423 5000 SOMERVALE CO SW,423,255000,,200385235
704,5000 Somervale Court SW,405 5000 SOMERVALE CO SW,405,252500,,200385490
705,5000 Somervale Court SW,414 5000 SOMERVALE CO SW,414,252500,,200386555
706,5000 Somervale Court SW,415 5000 SOMERVALE CO SW,415,252500,,200386530
707,5000 Somervale Court SW,427 5000 SOMERVALE CO SW,427,252500,,200385342
708,5000 Somervale Court SW,428 5000 SOMERVALE CO SW,428,252500,,200385409
709,5000 Somervale Court SW,421 5000 SOMERVALE CO SW,421,252500,,200385227
710,5000 Somervale Court SW,430 5000 SOMERVALE CO SW,430,252500,,200385391
711,5000 Somervale Court SW,436 5000 SOMERVALE CO SW,436,252500,,200385250
712,5000 Somervale Court SW,437 5000 SOMERVALE CO SW,437,252500,,200385318
713,5000 Somervale Court SW,438 5000 SOMERVALE CO SW,438,252500,,200385268
714,5000 Somervale Court SW,429 5000 SOMERVALE CO SW,429,250500,,200385359
715,5000 Somervale Court SW,439 5000 SOMERVALE CO SW,439,250500,,200385300
716,5000 Somervale Court SW,408 5000 SOMERVALE CO SW,408,276500,,200385441
717,5000 Somervale Court SW,434 5000 SOMERVALE CO SW,434,276500,,200385243
718,5000 Somervale Court SW,401 5000 SOMERVALE CO SW,401,288500,,200385474
719,5000 Somervale Court SW,442 5000 SOMERVALE CO SW,442,288500,,200385284
720,5000 Somervale Court SW,433 5000 SOMERVALE CO SW,433,288500,,200385375
721,5000 Somervale Court SW,431 5000 SOMERVALE CO SW,431,238500,,200385367
722,5000 Somervale Court SW,441 5000 SOMERVALE CO SW,441,238500,,200385292
723,5000 Somervale Court SW,432 5000 SOMERVALE CO SW,432,238500,,200385383
724,5000 Somervale Court SW,440 5000 SOMERVALE CO SW,440,238500,,200385276
725,5000 Somervale Court SW,426 5000 SOMERVALE CO SW,426,294000,,200385417
726,5000 Somervale Court SW,418 5000 SOMERVALE CO SW,418,301500,,200386548
727,5000 Somervale Court SW,420 5000 SOMERVALE CO SW,420,322000,,200385433
728,5000 Somervale Court SW,424 5000 SOMERVALE CO SW,424,324500,,200385425
729,5000 Somervale Court SW,425 5000 SOMERVALE CO SW,425,212000,,200385334
730,5000 Somervale Court SW,435 5000 SOMERVALE CO SW,435,212000,,200385326
731,5000 Somervale Court SW,403 5000 SOMERVALE CO SW,403,202500,,200385482
732,5000 Somervale Court SW,402 5000 SOMERVALE CO SW,402,202500,,200385466
733,5000 Somervale Court SW,419 5000 SOMERVALE CO SW,419,202500,,200385219
734,5000 Somervale Court SW,411 5000 SOMERVALE CO SW,411,188000,,200386514
735,5000 Somervale Court SW,407 5000 SOMERVALE CO SW,407,173500,,200385508
736,5000 Somervale Court SW,5000 SOMERVALE CO SW,,246500,,200385938
737,5000 Somervale Court SW,5000 SOMERVALE CO SW,,336500,,200385458
738,3000 Somervale Court SW,80V 3000 SOMERVALE CO SW,80V,10000,,757507926
739,3000 Somervale Court SW,76V 3000 SOMERVALE CO SW,76V,10000,,757507843
740,3000 Somervale Court SW,81V 3000 SOMERVALE CO SW,81V,10000,,757507942
741,3000 Somervale Court SW,77V 3000 SOMERVALE CO SW,77V,10000,,757507868
742,3000 Somervale Court SW,79V 3000 SOMERVALE CO SW,79V,10000,,757507900
743,3000 Somervale Court SW,78V 3000 SOMERVALE CO SW,78V,10000,,757507884
744,3000 Somervale Court SW,83V 3000 SOMERVALE CO SW,83V,10000,,757507983
745,3000 Somervale Court SW,87V 3000 SOMERVALE CO SW,87V,10000,,757508064
746,3000 Somervale Court SW,82V 3000 SOMERVALE CO SW,82V,10000,,757507967
747,3000 Somervale Court SW,88V 3000 SOMERVALE CO SW,88V,10000,,757508080
748,3000 Somervale Court SW,89V 3000 SOMERVALE CO SW,89V,10000,,757508106
749,3000 Somervale Court SW,84V 3000 SOMERVALE CO SW,84V,10000,,757508007
750,3000 Somervale Court SW,90V 3000 SOMERVALE CO SW,90V,10000,,757508122
751,3000 Somervale Court SW,86V 3000 SOMERVALE CO SW,86V,10000,,757508049
752,3000 Somervale Court SW,85V 3000 SOMERVALE CO SW,85V,10000,,757508023
753,3000 Somervale Court SW,93V 3000 SOMERVALE CO SW,93V,10000,,757508189
754,3000 Somervale Court SW,95V 3000 SOMERVALE CO SW,95V,10000,,757508221
755,3000 Somervale Court SW,94V 3000 SOMERVALE CO SW,94V,10000,,757508205
756,3000 Somervale Court SW,92V 3000 SOMERVALE CO SW,92V,10000,,757508163
757,3000 Somervale Court SW,96V 3000 SOMERVALE CO SW,96V,10000,,757508247
758,3000 Somervale Court SW,91V 3000 SOMERVALE CO SW,91V,10000,,757508148
759,3000 Somervale Court SW,99V 3000 SOMERVALE CO SW,99V,10000,,757508304
760,3000 Somervale Court SW,98V 3000 SOMERVALE CO SW,98V,10000,,757508288
761,3000 Somervale Court SW,97V 3000 SOMERVALE CO SW,97V,10000,,757508262
762,5500 Somervale Court SW,41V 5500 SOMERVALE CO SW,41V,10000,,200283943
763,5500 Somervale Court SW,43V 5500 SOMERVALE CO SW,43V,10000,,200286557
764,5500 Somervale Court SW,40V 5500 SOMERVALE CO SW,40V,10000,,200283380
765,5500 Somervale Court SW,45V 5500 SOMERVALE CO SW,45V,10000,,200285203
766,5500 Somervale Court SW,44V 5500 SOMERVALE CO SW,44V,10000,,200284867
767,5500 Somervale Court SW,42V 5500 SOMERVALE CO SW,42V,10000,,200285146
768,5500 Somervale Court SW,48V 5500 SOMERVALE CO SW,48V,10000,,200283752
769,5500 Somervale Court SW,46V 5500 SOMERVALE CO SW,46V,10000,,200286532
770,5500 Somervale Court SW,61V 5500 SOMERVALE CO SW,61V,10000,,200283620
771,5500 Somervale Court SW,50V 5500 SOMERVALE CO SW,50V,10000,,200283851
772,5500 Somervale Court SW,53V 5500 SOMERVALE CO SW,53V,10000,,200283661
773,5500 Somervale Court SW,57V 5500 SOMERVALE CO SW,57V,10000,,200284958
774,5500 Somervale Court SW,49V 5500 SOMERVALE CO SW,49V,10000,,200283786
775,5500 Somervale Court SW,52V 5500 SOMERVALE CO SW,52V,10000,,200285187
776,5500 Somervale Court SW,56V 5500 SOMERVALE CO SW,56V,10000,,200285799
777,5500 Somervale Court SW,47V 5500 SOMERVALE CO SW,47V,10000,,200283703
778,5500 Somervale Court SW,51V 5500 SOMERVALE CO SW,51V,10000,,200285120
779,5500 Somervale Court SW,54V 5500 SOMERVALE CO SW,54V,10000,,200285161
780,5500 Somervale Court SW,58V 5500 SOMERVALE CO SW,58V,10000,,200284842
781,5500 Somervale Court SW,55V 5500 SOMERVALE CO SW,55V,10000,,200284776
782,5500 Somervale Court SW,59V 5500 SOMERVALE CO SW,59V,10000,,200283596
783,5500 Somervale Court SW,60V 5500 SOMERVALE CO SW,60V,10000,,200286516
784,5500 Somervale Court SW,68V 5500 SOMERVALE CO SW,68V,10000,,200287092
785,5500 Somervale Court SW,64V 5500 SOMERVALE CO SW,64V,10000,,200285096
786,5500 Somervale Court SW,70V 5500 SOMERVALE CO SW,70V,10000,,200285229
787,5500 Somervale Court SW,62V 5500 SOMERVALE CO SW,62V,10000,,200284826
788,5500 Somervale Court SW,66V 5500 SOMERVALE CO SW,66V,10000,,200283836
789,5500 Somervale Court SW,63V 5500 SOMERVALE CO SW,63V,10000,,200284800
790,5500 Somervale Court SW,69V 5500 SOMERVALE CO SW,69V,10000,,200284883
791,5500 Somervale Court SW,65V 5500 SOMERVALE CO SW,65V,10000,,200283729
792,5500 Somervale Court SW,71V 5500 SOMERVALE CO SW,71V,10000,,200285609
793,5500 Somervale Court SW,67V 5500 SOMERVALE CO SW,67V,10000,,200286508
794,5500 Somervale Court SW,72V 5500 SOMERVALE CO SW,72V,10000,,200283810
795,5500 Somervale Court SW,81S 5500 SOMERVALE CO SW,81S,2500,,200285682
796,5500 Somervale Court SW,82S 5500 SOMERVALE CO SW,82S,2500,,200285674
797,5500 Somervale Court SW,83S 5500 SOMERVALE CO SW,83S,2500,,200285666
798,5500 Somervale Court SW,84S 5500 SOMERVALE CO SW,84S,2500,,200285658
799,5500 Somervale Court SW,85S 5500 SOMERVALE CO SW,85S,2500,,200285641
800,5500 Somervale Court SW,86S 5500 SOMERVALE CO SW,86S,2500,,200285633
801,5500 Somervale Court SW,73S 5500 SOMERVALE CO SW,73S,2500,,200285591
802,5500 Somervale Court SW,74S 5500 SOMERVALE CO SW,74S,2500,,200285625
803,5500 Somervale Court SW,75S 5500 SOMERVALE CO SW,75S,2500,,200285740
804,5500 Somervale Court SW,76S 5500 SOMERVALE CO SW,76S,2500,,200285732
805,5500 Somervale Court SW,77S 5500 SOMERVALE CO SW,77S,2500,,200285724
806,5500 Somervale Court SW,78S 5500 SOMERVALE CO SW,78S,2500,,200285716
807,5500 Somervale Court SW,79S 5500 SOMERVALE CO SW,79S,2500,,200285708
808,5500 Somervale Court SW,80S 5500 SOMERVALE CO SW,80S,2500,,200285690
809,7000 Somervale Court SW,7000 SOMERVALE CO SW,,21720000,,757122007
810,6000 Somervale Court SW,80V 6000 SOMERVALE CO SW,80V,10000,,757511183
811,6000 Somervale Court SW,76V 6000 SOMERVALE CO SW,76V,10000,,757511100
812,6000 Somervale Court SW,79V 6000 SOMERVALE CO SW,79V,10000,,757511167
813,6000 Somervale Court SW,81V 6000 SOMERVALE CO SW,81V,10000,,757511209
814,6000 Somervale Court SW,77V 6000 SOMERVALE CO SW,77V,10000,,757511126
815,6000 Somervale Court SW,83V 6000 SOMERVALE CO SW,83V,10000,,757511241
816,6000 Somervale Court SW,78V 6000 SOMERVALE CO SW,78V,10000,,757511142
817,6000 Somervale Court SW,84V 6000 SOMERVALE CO SW,84V,10000,,757511266
818,6000 Somervale Court SW,82V 6000 SOMERVALE CO SW,82V,10000,,757511225
819,6000 Somervale Court SW,89V 6000 SOMERVALE CO SW,89V,10000,,757511365
820,6000 Somervale Court SW,87V 6000 SOMERVALE CO SW,87V,10000,,757511324
821,6000 Somervale Court SW,90V 6000 SOMERVALE CO SW,90V,10000,,757511381
822,6000 Somervale Court SW,85V 6000 SOMERVALE CO SW,85V,10000,,757511282
823,6000 Somervale Court SW,91V 6000 SOMERVALE CO SW,91V,10000,,757511407
824,6000 Somervale Court SW,86V 6000 SOMERVALE CO SW,86V,10000,,757511308
825,6000 Somervale Court SW,93V 6000 SOMERVALE CO SW,93V,10000,,757511449
826,6000 Somervale Court SW,99V 6000 SOMERVALE CO SW,99V,10000,,757511563
827,6000 Somervale Court SW,88V 6000 SOMERVALE CO SW,88V,10000,,757511340
828,6000 Somervale Court SW,94V 6000 SOMERVALE CO SW,94V,10000,,757511464
829,6000 Somervale Court SW,95V 6000 SOMERVALE CO SW,95V,10000,,757511480
830,6000 Somervale Court SW,96V 6000 SOMERVALE CO SW,96V,10000,,757511506
831,6000 Somervale Court SW,92V 6000 SOMERVALE CO SW,92V,10000,,757511423
832,6000 Somervale Court SW,97V 6000 SOMERVALE CO SW,97V,10000,,757511522
833,6000 Somervale Court SW,98V 6000 SOMERVALE CO SW,98V,10000,,757511548
834,8000 Somervale Court SW,8000 SOMERVALE CO SW,,1570000,,757121900
835,5000 Somervale Court SW,5000 SOMERVALE CO SW,,10000,,200386118
836,4500 Somervale Court SW,4500 SOMERVALE CO SW,,446000,,757122304
837,4500 Somervale Court SW,4500R SOMERVALE CO SW,,50000,,757122403
